NOME;COGNOME;MATRICOLA;EMAIL
Mario;Rossi;1001;mario.rossi@example.com
Luigi;Verdi;1002;luigi.verdi@example.com
Anna;Bianchi;1003;anna.bianchi@example.com
Giulia;Neri;1004;giulia.neri@example.com
Paolo;Gialli;1005;paolo.gialli@example.com